{
  "meta": {
    "tolerance": {
      "abs": 0.0001,
      "rel": 0.000001
    }
  },
  "cases": [
    {
      "name": "Smart Defaults Base Case",
      "inputs": {
        "containerType": null,
        "containerVol": 67.3,
        "maxPayload": 28000,
        "itemVolumes": [
          10,
          10
        ],
        "itemWeights": [
          10,
          10
        ],
        "grossWeight": 22000,
        "freightCost": 3000,
        "containerHeight": 2.39,
        "palletHeight": 1.2
      },
      "expected": {
        "volUtil": 0.2971768202080238,
        "weightUtil": 0.0007142857142857143,
        "loadEfficiency": 0.00021226915729144556,
        "wastedSpaceCost": 2999.3631925281256
      }
    }
  ]
}