{
  "meta": {
    "tolerance": {
      "abs": 0.0001,
      "rel": 0.000001
    }
  },
  "cases": [
    {
      "name": "Smart Defaults Base Case",
      "inputs": {
        "uClean": 500,
        "uDirty": 350,
        "area": 100,
        "lmtd": 30,
        "operatingHours": 8000,
        "boilerEff": 85,
        "fuelCost": 0.05,
        "deltaPIncrease": 0.5,
        "flowM3h": 200,
        "pumpEff": 75,
        "cleanCost": 5000
      },
      "expected": {
        "rf": 0.0008571428571428571,
        "heatLoss": 450,
        "cost": 213246.1873638344,
        "roi": 4164.923747276688
      }
    }
  ]
}