{
  "meta": {
    "tolerance": {
      "abs": 0.0001,
      "rel": 0.000001
    }
  },
  "cases": [
    {
      "name": "Smart Defaults Base Case",
      "inputs": {
        "budgetAtCompletion": 10,
        "plannedValue": 1000000,
        "earnedValue": 750000,
        "actualCost": 800000,
        "scheduleDays": 200,
        "actualDays": 160,
        "riskProbability": 25,
        "riskImpact": 50000,
        "mitigationCost": 15000
      },
      "expected": {
        "spi": 0.75,
        "cpi": 0.9375,
        "eac": 10.666666666666666,
        "expectedOverrun": 0.6666666666666661,
        "scheduleDelay": -42506.66666666667,
        "riskExposure": 1250000,
        "mitigationCost": 45000,
        "netRisk": 1205000
      }
    }
  ]
}